country,OD_bankId,OD_bankCountryCode,OD_originatorId,OD_originatorName,OD_originatorBIC,OD_intermediaryCountryCode,OD_originatorCustomerName,OD_bankName,OD_bankBIC,OD_address_addressLine,OD_address_stateOrProvinceCode,OD_address_postalCode,OD_address_country,OD_merchantCategoryCode,SPD_routingId,TD_payoutId,TD_destinationAmount,TD_destinationCurrencyCode,TD_settlementAmount,TD_settlementCurrencyCode,TD_settlementDate,TD_transactionIdentifier,TD_retrievalReferenceNumber,TD_transmissionDateTime,TD_systemTraceAuditNumber,TD_amount,TD_transactionCurrencyCode,TD_localTransactionDateTime,TD_businessApplicationId,TD_payoutSpeed,TD_statementNarrative,TD_purposeOfPayment,RD_type,RD_fullName,RD_firstName,RD_lastName,RD_companyName,RD_cityOfBirth,RD_countryOfBirth,RD_dateOfBirth,RD_identList_idType,RD_identList_idName,RD_identList_idNumber,RD_identList_idIssueCountry,RD_additionalData_name,RD_additionalData_value,RD_contactNumber,RD_contactEmail,RD_address_addressLine1,RD_address_addressLine2,RD_address_addressLine3,RD_address_city,RD_address_country,RD_address_postalCode,RD_address_province,RD_payoutMethod,RD_alias_directoryName,RD_alias_handle,RD_bank_bankName,RD_bank_accountName,RD_bank_accountNumberType,RD_bank_accountNumber,RD_bank_bankCodeType,RD_bank_bankCode,RD_bank_accountNumberSuffix,RD_bank_accountType,RD_bank_branchCode,RD_bank_countryCode,RD_bank_currencyCode,RD_bank_BIC,SD_type,SD_fullName,SD_firstName,SD_lastName,SD_companyName,SD_cityOfBirth,SD_countryOfBirth,SD_dateOfBirth,SD_identList_idType,SD_identList_idName,SD_identList_idNumber,SD_identList_idIssueCountry,SD_additionalData_name,SD_additionalData_value,SD_contactNumber,SD_contactEmail,SD_sourceOfIncome,SD_beneficiaryRelationship,SD_senderReferenceNumber,SD_address_addressLine1,SD_address_addressLine2,SD_address_addressLine3,SD_address_city,SD_address_country,SD_address_postalCode,SD_address_province
Australia,416584,840,CAIDCode77765,VPL Postman Test,,,Star Bucks,Bank of America,BOFACATTFCS,Times Square–42nd Street,NY,10001,USA,6012,4655710020000018,f6d0c18c-c00b-4cf3-a7ef-de6c9b120527,3000,036,3000,840,0227,300114521002125,1607420590239,2020-04-17T18:04:07.000Z,444555,3000,978,2020-02-27 10:04:59,FD,standard,Advance payment,,I,,Jessica,Smith,,AUS,AUS,2020-02-27,P,Passport,20101605421,AUS,,,2345678909,jessica@visa.com,123 Main St,Lane 1,Apt 101,Sydney,AUS,675456,CF,B,,,Bank of Queensland,Money Market,DEFAULT,6434015057,DEFAULT,082,,,902,AUS,AUD,,C,,,,Visa Inc.,,,,L,30,P128766Z,USA,,,2345678909,employee@visa.com,employement,partner,34536789056,Street 2,Lane 2,Apt 202,San Francisco,USA,78759,CA
Australia,416584,840,CAIDCode77765,VPL Postman Test,,,Star Bucks,Bank of America,BOFACATTFCS,Times Square–42nd Street,NY,10001,USA,6012,4655710020000018,f6d0c18c-c00b-4cf3-a7ef-de6c9b120527,3000,036,3000,840,0227,300114521002125,1607420590239,2020-04-17T18:04:07.000Z,444555,3000,978,2020-02-27 10:04:59,FD,standard,Advance payment,,C,,,,Company of Australia,,,,L,,20101605421,AUS,,,2345678909,jessica@visa.com,123 Main St,Lane 1,Apt 101,Sydney,AUS,675456,CF,B,,,Bank of Queensland,Money Market,DEFAULT,6434015057,DEFAULT,082,,,902,AUS,AUD,,I,,John,Smith,,,,,P,Passport,P128766Z,USA,,,2345678909,employee@visa.com,employement,partner,34536789056,Street 2,Lane 2,Apt 202,San Francisco,USA,78759,CA
Australia,416584,840,CAIDCode77765,VPL Postman Test,,,Star Bucks,Bank of America,BOFACATTFCS,Times Square–42nd Street,NY,10001,USA,6012,4655710020000018,f6d0c18c-c00b-4cf3-a7ef-de6c9b120527,3000,036,3000,840,0227,300114521002125,1607420590239,2020-04-17T18:04:07.000Z,444555,3000,978,2020-02-27 10:04:59,FD,standard,Advance payment,,I,,Jessica,Smith,,AUS,AUS,2020-02-27,P,,20101605421,AUS,,,2345678909,jessica@visa.com,123 Main St,Lane 1,Apt 101,Sydney,AUS,675456,CF,B,,,Bank of Queensland,Money Market,DEFAULT,6434015057,DEFAULT,082,,,902,AUS,AUD,,I,,John,Smith,,optional,USA,2000-01-01,P,Passport,P128766Z,USA,,,2345678909,employee@visa.com,employement,partner,34536789056,Street 2,Lane 2,Apt 202,San Francisco,USA,78759,CA
Australia,416584,840,CAIDCode77765,VPL Postman Test,,,Star Bucks,Bank of America,BOFACATTFCS,Times Square–42nd Street,NY,10001,USA,6012,4655710020000018,f6d0c18c-c00b-4cf3-a7ef-de6c9b120527,3000,036,3000,840,0227,300114521002125,1607420590239,2020-04-17T18:04:07.000Z,444555,3000,978,2020-02-27 10:04:59,FD,standard,Advance payment,,C,,,,Company of Australia,,,,L,,20101605421,AUS,,,2345678909,jessica@visa.com,123 Main St,Lane 1,Apt 101,Sydney,AUS,optional,optional,B,,,Bank of Queensland,Money Market,DEFAULT,6434015057,DEFAULT,082,,,902,AUS,AUD,,C,,,,Visa Innc.,,,,L,30,P128766Z,USA,,,2345678909,employee@visa.com,employement,optional,34536789056,Street 2,Lane 2,Apt 202,San Francisco,USA,78759,CA
Bangladesh,416584,840,CAIDCode77765,VPL Postman Test,,,Star Bucks,Bank of America,BOFACATTFCS,Times Square–42nd Street,NY,10001,USA,6012,4655710020000018,f6d0c18c-c00b-4cf3-a7ef-de6c9b120527,3000,050,3000,840,0227,300114521002125,1607420590239,2020-04-17T18:04:07.000Z,444555,3000,978,2020-02-27 10:04:59,FD,standard,Advance payment,ISMDCS,I,,Jessica,Smith,,Dhaka,BGD,2001-01-01,P,,20101605421,BGD,,,2345678909,jessica@visa.com,Address line 1,Lane 1,Apt 101,dhaka,BGD,1206,83,B,,,Bangladesh Commerce Bank Limited,account name,DEFAULT,3409890169800,DEFAULT,195274754,,,,BGD,BDT,,C,,,,Visa Inc.,,,,L,30,P128766Z,USA,,,2345678909,employee@visa.com,employement,partner,34536789056,Street 2,Lane 2,Apt 202,San Francisco,USA,78759,CA
Bangladesh,416584,840,CAIDCode77765,VPL Postman Test,,,Star Bucks,Bank of America,BOFACATTFCS,Times Square–42nd Street,NY,10001,USA,6012,4655710020000018,f6d0c18c-c00b-4cf3-a7ef-de6c9b120527,3000,050,3000,840,0227,300114521002125,1607420590239,2020-04-17T18:04:07.000Z,444555,3000,978,2020-02-27 10:04:59,FD,standard,Advance payment,ISMDCS,C,,,,Company of Bangladesh,,,,L,,20101605421,BGD,,,2345678909,jessica@visa.com,Address line 1,Lane 1,Apt 101,dhaka,BGD,,,B,,,Bangladesh Commerce Bank Limited,account name,DEFAULT,3409890169800,DEFAULT,195274754,,,,BGD,BDT,,I,,John,Smith,,San Francisco,US,2000-01-01,P,Passport,P128766Z,USA,,,2345678909,employee@visa.com,employement,partner,34536789056,Street 2,Lane 2,Apt 202,San Francisco,USA,78759,CA
Bangladesh,416584,840,CAIDCode77765,VPL Postman Test,,,Star Bucks,Bank of America,BOFACATTFCS,Times Square–42nd Street,NY,10001,USA,6012,4655710020000018,f6d0c18c-c00b-4cf3-a7ef-de6c9b120527,3000,050,3000,840,0227,300114521002125,1607420590239,2020-04-17T18:04:07.000Z,444555,3000,978,2020-02-27 10:04:59,FD,standard,Advance payment,ISMDCS,I,,Jessica,Smith,,Dhaka,BGD,2001-01-01,P,,20101605421,BGD,,,2345678909,jessica@visa.com,Address line 1,Lane 1,Apt 101,dhaka,BGD,1206,83,B,,,Bangladesh Commerce Bank Limited,account name,DEFAULT,3409890169800,DEFAULT,195274754,,,,BGD,BDT,,I,,John,Smith,,San Francisco,US,2000-01-01,P,Passport,P128766Z,USA,,,2345678909,employee@visa.com,employement,partner,34536789056,Street 2,Lane 2,Apt 202,San Francisco,USA,78759,CA
Bangladesh,416584,840,CAIDCode77765,VPL Postman Test,,,Star Bucks,Bank of America,BOFACATTFCS,Times Square–42nd Street,NY,10001,USA,6012,4655710020000018,f6d0c18c-c00b-4cf3-a7ef-de6c9b120527,3000,050,3000,840,0227,300114521002125,1607420590239,2020-04-17T18:04:07.000Z,444555,3000,978,2020-02-27 10:04:59,FD,standard,Advance payment,ISMDCS,C,,,,Company of Bangladesh,,,,L,,20101605421,BGD,,,2345678909,jessica@visa.com,Address line 1,Lane 1,Apt 101,dhaka,BGD,,,B,,,Bangladesh Commerce Bank Limited,account name,DEFAULT,3409890169800,DEFAULT,195274754,,,,BGD,BDT,,C,,,,Visa Inc.,New York,US,2000-01-01,C,,P128766Z,USA,,,2345678909,employee@visa.com,,partner,34536789056,addressLine1,addressLine2,addressLine3,San Francisco,USA,302010,Texas
Barbados,416584,840,CAIDCode77765,VPL Postman Test,,,Star Bucks,Bank of America,BOFACATTFCS,Times Square–42nd Street,NY,10001,USA,6012,4655710020000018,f6d0c18c-c00b-4cf3-a7ef-de6c9b120527,3000,052,3000,840,0227,300114521002125,1607420590239,2020-04-17T18:04:07.000Z,444555,3000,978,2020-02-27 10:04:59,FD,standard,Advance payment,,I,,Jessica,Smith,,ST. MICHAEL,BRB,2020-02-27,P,,20101605421,BRB,,,2345678909,jessica@visa.com,Address line 1,Lane 1,Apt 101,ST. MICHAEL,BRB,,,B,,,CONTINENTAL BANK CORP,account name,DEFAULT,1000305531,DEFAULT,010,,,09286,BRB,BBD,,C,,,,Visa Inc.,,,,L,30,P128766Z,USA,,,2345678909,employee@visa.com,employement,partner,34536789056,Street 2,Lane 2,Apt 202,San Francisco,USA,78759,CA
Barbados,416584,840,CAIDCode77765,VPL Postman Test,,,Star Bucks,Bank of America,BOFACATTFCS,Times Square–42nd Street,NY,10001,USA,6012,4655710020000018,f6d0c18c-c00b-4cf3-a7ef-de6c9b120527,3000,052,3000,840,0227,300114521002125,1607420590239,2020-04-17T18:04:07.000Z,444555,3000,978,2020-02-27 10:04:59,FD,standard,Advance payment,,C,,,,Earthport,,,,C,,220604497,BRB,,,2345678909,jessica@visa.com,Address line 1,Lane 1,Apt 101,ST. MICHAEL,BRB,,,B,,,CONTINENTAL BANK CORP,account name,DEFAULT,1000305531,DEFAULT,010,,,09286,BRB,BBD,,I,,John,Smith,,San Francisco,US,2000-01-01,P,Passport,P128766Z,USA,,,2345678909,employee@visa.com,employement,partner,34536789056,Street 2,Lane 2,Apt 202,San Francisco,USA,78759,CA
Barbados,416584,840,CAIDCode77765,VPL Postman Test,,,Star Bucks,Bank of America,BOFACATTFCS,Times Square–42nd Street,NY,10001,USA,6012,4655710020000018,f6d0c18c-c00b-4cf3-a7ef-de6c9b120527,3000,052,3000,840,0227,300114521002125,1607420590239,2020-04-17T18:04:07.000Z,444555,3000,978,2020-02-27 10:04:59,FD,standard,Advance payment,,I,,Jessica,Smith,,ST. MICHAEL,BRB,2020-02-27,P,,20101605421,BRB,,,2345678909,jessica@visa.com,Address line 1,Lane 1,Apt 101,ST. MICHAEL,BRB,,,B,,,CONTINENTAL BANK CORP,account name,DEFAULT,1000305531,DEFAULT,010,,,09286,BRB,BBD,,I,,John,Smith,,San Francisco,US,2000-01-01,P,Passport,P128766Z,USA,,,2345678909,employee@visa.com,employement,partner,34536789056,Street 2,Lane 2,Apt 202,San Francisco,USA,78759,CA
Barbados,416584,840,CAIDCode77765,VPL Postman Test,,,Star Bucks,Bank of America,BOFACATTFCS,Times Square–42nd Street,NY,10001,USA,6012,4655710020000018,f6d0c18c-c00b-4cf3-a7ef-de6c9b120527,3000,052,3000,840,0227,300114521002125,1607420590239,2020-04-17T18:04:07.000Z,444555,3000,978,2020-02-27 10:04:59,FD,standard,Advance payment,,C,,,,Earthport,,,,C,,220604497,BRB,,,2345678909,jessica@visa.com,Address line 1,Lane 1,Apt 101,ST. MICHAEL,BRB,,,B,,,CONTINENTAL BANK CORP,account name,DEFAULT,1000305531,DEFAULT,010,,,09286,BRB,BBD,,C,,,,Visa Inc.,,,,L,30,P128766Z,USA,,,2345678909,employee@visa.com,employement,partner,34536789056,Street 2,Lane 2,Apt 202,San Francisco,USA,78759,CA
Canada(Option 1),416584,840,CAIDCode77765,VPL Postman Test,,,Star Bucks,Bank of America,BOFACATTFCS,Times Square–42nd Street,NY,10001,USA,6012,4655710020000018,f6d0c18c-c00b-4cf3-a7ef-de6c9b120527,3000,124,3000,840,0227,300114521002125,1607420590239,2020-04-17T18:04:07.000Z,444555,3000,978,2020-02-27 10:04:59,FD,standard,Advance payment,200,I,,Jessica,Smith,,CAN,CAN,2020-02-27,P,,20101605421,CAN,,,2345678909,jessica@visa.com,123 Main St,Lane 1,Apt 101,Toronto,CAN,optional,optional,B,,,Royal Bank of Canada,Money Market,DEFAULT,2860099615,DEFAULT,002,,,94706,CAN,CAD,,C,,,,Visa Inc.,,,,L,30,P128766Z,USA,,,2345678909,employee@visa.com,employement,partner,34536789056,Street 2,Lane 2,Apt 202,San Francisco,USA,78759,CA
Canada(Option 1),416584,840,CAIDCode77765,VPL Postman Test,,,Star Bucks,Bank of America,BOFACATTFCS,Times Square–42nd Street,NY,10001,USA,6012,4655710020000018,f6d0c18c-c00b-4cf3-a7ef-de6c9b120527,3000,124,3000,840,0227,300114521002125,1607420590239,2020-04-17T18:04:07.000Z,444555,3000,978,2020-02-27 10:04:59,FD,standard,Advance payment,200,C,,,,Company of Canada,,,,L,,20101605421,CAN,,,2345678909,jessica@visa.com,123 Main St,Lane 1,Apt 101,Toronto,CAN,optional,optional,B,,,Royal Bank of Canada,Money Market,DEFAULT,2860099615,DEFAULT,002,,,94706,CAN,CAD,,I,,John,Smith,,optional,USA,2000-01-01,P,Passport,P128766Z,USA,,,2345678909,employee@visa.com,employement,partner,34536789056,Street 2,Lane 2,Apt 202,San Francisco,USA,78759,CA
Canada(Option 1),416584,840,CAIDCode77765,VPL Postman Test,,,Star Bucks,Bank of America,BOFACATTFCS,Times Square–42nd Street,NY,10001,USA,6012,4655710020000018,f6d0c18c-c00b-4cf3-a7ef-de6c9b120527,3000,124,3000,840,0227,300114521002125,1607420590239,2020-04-17T18:04:07.000Z,444555,3000,978,2020-02-27 10:04:59,FD,standard,Advance payment,200,I,,Jessica,Smith,,CAN,CAN,2020-02-27,P,,20101605421,CAN,,,2345678909,jessica@visa.com,123 Main St,Lane 1,Apt 101,Toronto,CAN,optional,optional,B,,,Royal Bank of Canada,Money Market,DEFAULT,2860099615,DEFAULT,002,,,94706,CAN,CAD,,I,,John,Smith,,optional,USA,2000-01-01,P,Passport,P128766Z,USA,,,2345678909,employee@visa.com,employement,partner,34536789056,Street 2,Lane 2,Apt 202,San Francisco,USA,78759,CA
Canada(Option 1),416584,840,CAIDCode77765,VPL Postman Test,,,Star Bucks,Bank of America,BOFACATTFCS,Times Square–42nd Street,NY,10001,USA,6012,4655710020000018,f6d0c18c-c00b-4cf3-a7ef-de6c9b120527,3000,124,3000,840,0227,300114521002125,1607420590239,2020-04-17T18:04:07.000Z,444555,3000,978,2020-02-27 10:04:59,FD,standard,Advance payment,200,C,,,,Company of Canada,,,,L,,20101605421,CAN,,,2345678909,jessica@visa.com,123 Main St,Lane 1,Apt 101,Toronto,CAN,optional,optional,B,,,Royal Bank of Canada,Money Market,DEFAULT,2860099615,DEFAULT,002,,,94706,CAN,CAD,,C,,,,Visa Inc.,,,,L,30,P128766Z,USA,,,2345678909,employee@visa.com,employement,partner,34536789056,Street 2,Lane 2,Apt 202,San Francisco,USA,78759,CA
Indonesia,416584,840,CAIDCode77765,VPL Postman Test,,,Star Bucks,Bank of America,BOFACATTFCS,Times Square–42nd Street,NY,10001,USA,6012,4655710020000018,f6d0c18c-c00b-4cf3-a7ef-de6c9b120527,3000,360,3000,840,0227,300114521002125,1607420590239,2020-04-17T18:04:07.000Z,444555,2000,978,,FD,standard,Advance payment,,I,,Smith,John,,IDN,IDN,2020-02-27,P,Passport,ID89098,IDN,,,2345678909,jessica@visa.com,123 Main St,Lane 1,Apt 101,Makassar,IDN,675456,CF,B,,,BANK OF INDONESIA,Money Market,DEFAULT,1234567891,,129,,,0013,IDN,IDR,,C,,,,Visa Inc.,,,,L,30,P128766Z,USA,,,2345678909,employee@visa.com,employement,partner,34536789056,Street 2,Lane 2,Apt 202,San Francisco,USA,78759,CA
Indonesia,416584,840,CAIDCode77765,VPL Postman Test,,,Star Bucks,Bank of America,BOFACATTFCS,Times Square–42nd Street,NY,10001,USA,6012,4655710020000018,f6d0c18c-c00b-4cf3-a7ef-de6c9b120527,3000,360,3000,840,0227,300114521002125,1607420590239,2020-04-17T18:04:07.000Z,444555,2000,978,,FD,standard,Advance payment,,C,,,,Company of Indonesia,,,,L,30,20101605421,IDN,,,2345678909,jessica@visa.com,123 Main St,Lane 1,Apt 101,Makassar,IDN,675456,CF,B,,,BANK OF INDONESIA,Money Market,DEFAULT,1234567891,,129,,,0013,IDN,IDR,,I,,John,Smith,,optional,USA,2000-01-01,P,Passport,P128766Z,USA,,,2345678909,employee@visa.com,employement,partner,34536789056,Street 2,Lane 2,Apt 202,San Francisco,USA,78759,CA
Indonesia,416584,840,CAIDCode77765,VPL Postman Test,,,Star Bucks,Bank of America,BOFACATTFCS,Times Square–42nd Street,NY,10001,USA,6012,4655710020000018,f6d0c18c-c00b-4cf3-a7ef-de6c9b120527,3000,360,3000,840,0227,300114521002125,1607420590239,2020-04-17T18:04:07.000Z,444555,2000,978,,FD,standard,Advance payment,,I,,Smith,John,,IDN,IDN,2020-02-27,P,Passport,ID89098,IDN,,,2345678909,jessica@visa.com,123 Main St,Lane 1,Apt 101,Makassar,IDN,675456,CF,B,,,BANK OF INDONESIA,Money Market,DEFAULT,1234567891,,129,,,0013,IDN,IDR,,I,,Smith,John,,optional,USA,2000-01-01,P,Passport,ID89098,USA,,,2345678909,employee@visa.com,employement,partner,34536789056,Street 2,Lane 2,Apt 202,San Francisco,USA,78759,CA
Indonesia,416584,840,CAIDCode77765,VPL Postman Test,,,Star Bucks,Bank of America,BOFACATTFCS,Times Square–42nd Street,NY,10001,USA,6012,4655710020000018,f6d0c18c-c00b-4cf3-a7ef-de6c9b120527,3000,360,3000,840,0227,300114521002125,1607420590239,2020-04-17T18:04:07.000Z,444555,2000,978,,FD,standard,Advance payment,,C,,,,Company of Indonesia,,,,L,30,215762320010,IDN,,,2345678909,jessica@visa.com,123 Main St,Lane 1,Apt 101,Makassar,IDN,675456,CF,B,,,BANK OF INDONESIA,Money Market,DEFAULT,1234567891,,129,,,0013,IDN,IDR,,C,,,,Visa Inc.,,,,L,30,P128766Z,USA,,,2345678909,employee@visa.com,employement,partner,34536789056,Street 2,Lane 2,Apt 202,San Francisco,USA,78759,CA
Israel,416584,840,CAIDCode77765,VPL Postman Test,,,Star Bucks,Bank of America,BOFACATTFCS,Times Square–42nd Street,NY,10001,USA,6012,4655710020000018,f6d0c18c-c00b-4cf3-a7ef-de6c9b120527,3000,376,3000,840,0227,300114521002125,1607420590239,2020-04-17T18:04:07.000Z,444555,3000,978,,FD,standard,,ISOTHR,I,,joo,jain,,ISR,ISR,2020-02-27,P,Passport,20101605421,ISR,,,2345678909,jessica@visa.com,123 Main St,Lane 1,Apt 101,city,ISR,optional,optional,B,,,BANK OF ISREAL,Money Market,IBAN,IL620108000000099999999,,,,,,ISR,ILS,,C,,,,Visa Inc.,,,,L,30,P128766Z,USA,,,2345678909,employee@visa.com,employement,optional,34536789056,Street 2,Lane 2,Apt 202,San Francisco,USA,78759,CA
Israel,416584,840,CAIDCode77765,VPL Postman Test,,,Star Bucks,Bank of America,BOFACATTFCS,Times Square–42nd Street,NY,10001,USA,6012,4655710020000018,f6d0c18c-c00b-4cf3-a7ef-de6c9b120527,3000,376,3000,840,0227,300114521002125,1607420590239,2020-04-17T18:04:07.000Z,444555,3000,978,,FD,standard,,ISOTHR,C,,,,Company of Israel,,,,L,30,201016054,ISR,,,2345678909,jessica@visa.com,123 Main St,Lane 1,Apt 101,city,ISR,optional,optional,B,,,BANK OF ISREAL,Money Market,IBAN,IL620108000000099999999,,,,,,ISR,ILS,,I,,Jon,Snow,,,,,P,PAssport,P128766Z,USA,,,2345678909,employee@visa.com,employement,optional,34536789056,Street 2,Lane 2,Apt 202,San Francisco,USA,78759,CA
Israel,416584,840,CAIDCode77765,VPL Postman Test,,,Star Bucks,Bank of America,BOFACATTFCS,Times Square–42nd Street,NY,10001,USA,6012,4655710020000018,f6d0c18c-c00b-4cf3-a7ef-de6c9b120527,3000,376,3000,840,0227,300114521002125,1607420590239,2020-04-17T18:04:07.000Z,444555,3000,978,,FD,standard,,ISOTHR,I,,joo,jain,,ISR,ISR,2020-02-27,P,Passport,20101605421,ISR,,,2345678909,jessica@visa.com,123 Main St,Lane 1,Apt 101,city,ISR,optional,optional,B,,,BANK OF ISREAL,Money Market,IBAN,IL620108000000099999999,,,,,,ISR,ILS,,I,,Jon,Snow,,optional,USA,2000-01-01,P,Passport,P128766Z,USA,,,2345678909,employee@visa.com,employement,optional,34536789056,Street 2,Lane 2,Apt 202,San Francisco,USA,78759,CA
Israel,416584,840,CAIDCode77765,VPL Postman Test,,,Star Bucks,Bank of America,BOFACATTFCS,Times Square–42nd Street,NY,10001,USA,6012,4655710020000018,f6d0c18c-c00b-4cf3-a7ef-de6c9b120527,3000,376,3000,840,0227,300114521002125,1607420590239,2020-04-17T18:04:07.000Z,444555,3000,978,,FD,standard,,ISOTHR,C,,,,Company of Israel,,,,L,30,201016054,ISR,,,2345678909,jessica@visa.com,123 Main St,Lane 1,Apt 101,city,ISR,optional,optional,B,,,BANK OF ISREAL,Money Market,IBAN,IL620108000000099999999,,,,,,ISR,ILS,,C,,,,Visa Inc.,,,,L,30,P128766Z,USA,,,2345678909,employee@visa.com,employement,optional,34536789056,Street 2,Lane 2,Apt 202,San Francisco,USA,78759,CA
Mexico,416584,840,CAIDCode77765,VPL Postman Test,,,Star Bucks,Bank of America,BOFACATTFCS,Times Square–42nd Street,NY,10001,USA,6012,4655710020000018,f6d0c18c-c00b-4cf3-a7ef-de6c9b120527,3000,484,3000,840,0227,300114521002125,1607420590239,2020-04-17T18:04:07.000Z,444555,2000,978,,FD,standard,Advance payment,,I,,JOO,JAIN,,MEX,MEX,2020-02-27,P,PAssport,P128766Z,MEX,,,2345678909,joo@visa.com,123 Main St,Lane 1,Apt 101,Mexico City,MEX,optional,optional,B,,,Banco Nacional de México,Money Market,DEFAULT,002010077777777771,,,,,,MEX,MXN,,C,,,,Visa Inc.,,,,L,,P128766Z,USA,,,2345678909,employee@visa.com,employement,optional,34536789056,Street 2,Lane 2,Apt 202,San Francisco,USA,78759,CA
Mexico,416584,840,CAIDCode77765,VPL Postman Test,,,Star Bucks,Bank of America,BOFACATTFCS,Times Square–42nd Street,NY,10001,USA,6012,4655710020000018,f6d0c18c-c00b-4cf3-a7ef-de6c9b120527,3000,484,3000,840,0227,300114521002125,1607420590239,2020-04-17T18:04:07.000Z,444555,2000,978,,FD,standard,Advance payment,,C,,,,Company of Mexico,,,,L,30,P128766Z,MEX,,,2345678909,joo@visa.com,123 Main St,Lane 1,Apt 101,Mexico City,MEX,optional,optional,B,,,Banco Nacional de México,Money Market,DEFAULT,002010077777777771,,,,,,MEX,MXN,,I,,Jon,Snow,,optional,USA,2000-01-01,P,Passport,P128766Z,USA,,,2345678909,employee@visa.com,employement,optional,34536789056,Street 2,Lane 2,Apt 202,San Francisco,USA,78759,CA
Mexico,416584,840,CAIDCode77765,VPL Postman Test,,,Star Bucks,Bank of America,BOFACATTFCS,Times Square–42nd Street,NY,10001,USA,6012,4655710020000018,f6d0c18c-c00b-4cf3-a7ef-de6c9b120527,3000,484,3000,840,0227,300114521002125,1607420590239,2020-04-17T18:04:07.000Z,444555,2000,978,,FD,standard,Advance payment,,I,,JOO,JAIN,,MEX,MEX,2020-02-27,P,Passport,P128766Z,MEX,,,2345678909,joo@visa.com,123 Main St,Lane 1,Apt 101,Mexico City,MEX,optional,optional,B,,,Banco Nacional de México,Money Market,DEFAULT,002010077777777771,,,,,,MEX,MXN,,I,,Jon,Snow,,optional,USA,2000-01-01,P,Passport,P128766Z,USA,,,2345678909,employee@visa.com,employement,optional,34536789056,Street 2,Lane 2,Apt 202,San Francisco,USA,78759,CA
Mexico,416584,840,CAIDCode77765,VPL Postman Test,,,Star Bucks,Bank of America,BOFACATTFCS,Times Square–42nd Street,NY,10001,USA,6012,4655710020000018,f6d0c18c-c00b-4cf3-a7ef-de6c9b120527,3000,484,3000,840,0227,300114521002125,1607420590239,2020-04-17T18:04:07.000Z,444555,2000,978,,FD,standard,Advance payment,,C,,,,Company of Mexico,,,,L,30,P128766Z,MEX,,,2345678909,joo@visa.com,123 Main St,Lane 1,Apt 101,Mexico City,MEX,optional,optional,B,,,Banco Nacional de México,Money Market,DEFAULT,002010077777777771,,,,,,MEX,MXN,,C,,,,Visa Inc.,,,,L,30,P128766Z,USA,,,2345678909,employee@visa.com,employement,optional,34536789056,Street 2,Lane 2,Apt 202,San Francisco,USA,78759,CA
Morocco,416584,840,CAIDCode77765,VPL Postman Test,,,Star Bucks,Bank of America,BOFACATTFCS,Times Square–42nd Street,NY,10001,USA,6012,4655710020000018,f6d0c18c-c00b-4cf3-a7ef-de6c9b120527,3000,504,3000,840,0227,300114521002125,1607420590239,2020-04-17T18:04:07.000Z,444555,3000,978,2020-02-27 10:04:59,FD,standard,Advance payment,,I,,Jessica,Smith,,MAR,MAR,2020-02-27,P,,20101605421,MAR,,,2345678909,jessica@visa.com,123 Main St,Lane 1,Apt 101,Meknes,MAR,675456,CF,B,,,Bank Al-Maghribk,Money Market,DEFAULT,643401505731445515141444,,,,,,MAR,MAD,,C,,,,Visa Inc.,,,,L,,P128766Z,USA,,,2345678909,employee@visa.com,employement,partner,34536789056,Street 2,Lane 2,Apt 202,San Francisco,USA,78759,CA
Morocco,416584,840,CAIDCode77765,VPL Postman Test,,,Star Bucks,Bank of America,BOFACATTFCS,Times Square–42nd Street,NY,10001,USA,6012,4655710020000018,f6d0c18c-c00b-4cf3-a7ef-de6c9b120527,3000,504,3000,840,0227,300114521002125,1607420590239,2020-04-17T18:04:07.000Z,444555,3000,978,2020-02-27 10:04:59,FD,standard,Advance payment,,C,,,,Company of Morocco,,,,L,,20101605421,MAR,,,2345678909,jessica@visa.com,123 Main St,Lane 1,Apt 101,Meknes,MAR,675456,CF,B,,,Bank Al-Maghribk,Money Market,DEFAULT,643401505731445515141444,,,,,,MAR,MAD,,I,,John,Smith,,optional,USA,2000-01-01,P,,P128766Z,USA,,,2345678909,employee@visa.com,employement,partner,34536789056,Street 2,Lane 2,Apt 202,San Francisco,USA,78759,CA
Morocco,416584,840,CAIDCode77765,VPL Postman Test,,,Star Bucks,Bank of America,BOFACATTFCS,Times Square–42nd Street,NY,10001,USA,6012,4655710020000018,f6d0c18c-c00b-4cf3-a7ef-de6c9b120527,3000,504,3000,840,0227,300114521002125,1607420590239,2020-04-17T18:04:07.000Z,444555,3000,978,2020-02-27 10:04:59,FD,standard,Advance payment,,I,,Jessica,Smith,,MAR,MAR,2020-02-27,P,,20101605421,MAR,,,2345678909,jessica@visa.com,123 Main St,Lane 1,Apt 101,Meknes,MAR,675456,CF,B,,,Bank Al-Maghribk,Money Market,DEFAULT,643401505731445515141444,,,,,,MAR,MAD,,I,,John,Smith,,optional,USA,2000-01-01,P,,P128766Z,USA,,,2345678909,employee@visa.com,employement,partner,34536789056,Street 2,Lane 2,Apt 202,San Francisco,USA,78759,CA
Morocco,416584,840,CAIDCode77765,VPL Postman Test,,,Star Bucks,Bank of America,BOFACATTFCS,Times Square–42nd Street,NY,10001,USA,6012,4655710020000018,f6d0c18c-c00b-4cf3-a7ef-de6c9b120527,3000,504,3000,840,0227,300114521002125,1607420590239,2020-04-17T18:04:07.000Z,444555,3000,978,2020-02-27 10:04:59,FD,standard,Advance payment,,C,,,,Company Of Morocco,,,,L,,20101605421,MAR,,,2345678909,jessica@visa.com,123 Main St,Lane 1,Apt 101,Meknes,MAR,675456,CF,B,,,Bank Al-Maghribk,Money Market,DEFAULT,643401505731445515141444,,,,,,MAR,MAD,,C,,,,Visa Inc.,,,,L,,P128766Z,USA,,,2345678909,employee@visa.com,employement,partner,34536789056,Street 2,Lane 2,Apt 202,San Francisco,USA,78759,CA
Philippines,416584,840,CAIDCode77765,VPL Postman Test,,,Star Bucks,Bank of America,BOFACATTFCS,Times Square–42nd Street,NY,10001,USA,6012,4655710020000018,f6d0c18c-c00b-4cf3-a7ef-de6c9b120527,3000,608,3000,840,0227,300114521002125,1607420590239,2020-04-17T18:04:07.000Z,444555,3000,978,2020-02-27 10:04:59,FD,standard,Advance payment,0210000001,I,,Jessica,Smith,,PHL,PHL,2020-02-27,P,Passport,20101605421,PHL,,,2345678909,jessica@visa.com,123 Main St,Lane 1,Apt 101,Manila,PHL,675456,CF,B,,,Bank of the Philippines,Money Market,DEFAULT,2860099615,DEFAULT,010080010,,,,PHL,PHP,,C,,,,Visa Inc.,,,,L,30,P128766Z,USA,,,2345678909,employee@visa.com,employement,partner,34536789056,Street 2,Lane 2,Apt 202,San Francisco,USA,78759,CA
Philippines,416584,840,CAIDCode77765,VPL Postman Test,,,Star Bucks,Bank of America,BOFACATTFCS,Times Square–42nd Street,NY,10001,USA,6012,4655710020000018,f6d0c18c-c00b-4cf3-a7ef-de6c9b120527,3000,608,3000,840,0227,300114521002125,1607420590239,2020-04-17T18:04:07.000Z,444555,3000,978,2020-02-27 10:04:59,FD,standard,Advance payment,0210000001,C,,,,Company of Philippines,,,,L,30,20101605421,PHL,,,2345678909,jessica@visa.com,123 Main St,Lane 1,Apt 101,Manila,PHL,675456,CF,B,,,Bank of the Philippines,Money Market,DEFAULT,2860099615,DEFAULT,010080010,,,,PHL,PHP,,I,,John,Smith,,optional,USA,2000-01-01,P,Passport,P128766Z,USA,,,2345678909,employee@visa.com,employement,partner,34536789056,Street 2,Lane 2,Apt 202,San Francisco,USA,78759,CA
Philippines,416584,840,CAIDCode77765,VPL Postman Test,,,Star Bucks,Bank of America,BOFACATTFCS,Times Square–42nd Street,NY,10001,USA,6012,4655710020000018,f6d0c18c-c00b-4cf3-a7ef-de6c9b120527,3000,608,3000,840,0227,300114521002125,1607420590239,2020-04-17T18:04:07.000Z,444555,3000,978,2020-02-27 10:04:59,FD,standard,Advance payment,0210000001,I,,Jessica,Smith,,PHL,PHL,2020-02-27,P,Passport,20101605421,PHL,,,2345678909,jessica@visa.com,123 Main St,Lane 1,Apt 101,Manila,PHL,675456,CF,B,,,Bank of the Philippines,Money Market,DEFAULT,2860099615,DEFAULT,010080010,,,,PHL,PHP,,I,,John,Smith,,optional,USA,2000-01-01,P,Passport,P128766Z,USA,,,2345678909,employee@visa.com,employement,partner,34536789056,Street 2,Lane 2,Apt 202,San Francisco,USA,78759,CA
Philippines,416584,840,CAIDCode77765,VPL Postman Test,,,Star Bucks,Bank of America,BOFACATTFCS,Times Square–42nd Street,NY,10001,USA,6012,4655710020000018,f6d0c18c-c00b-4cf3-a7ef-de6c9b120527,3000,608,3000,840,0227,300114521002125,1607420590239,2020-04-17T18:04:07.000Z,444555,3000,978,2020-02-27 10:04:59,FD,standard,Advance payment,0210000001,C,,,,Company of Philippines,,,,L,30,20101605421,PHL,,,2345678909,jessica@visa.com,123 Main St,Lane 1,Apt 101,Manila,PHL,675456,CF,B,,,Bank of the Philippines,Money Market,DEFAULT,2860099615,DEFAULT,010080010,,,,PHL,PHP,,C,,,,Visa Inc.,,,,L,30,P128766Z,USA,,,2345678909,employee@visa.com,employement,partner,34536789056,Street 2,Lane 2,Apt 202,San Francisco,USA,78759,CA
Romania,416584,840,CAIDCode77765,VPL Postman Test,,,Star Bucks,Bank of America,BOFACATTFCS,Times Square–42nd Street,NY,10001,USA,6012,4655710020000018,f6d0c18c-c00b-4cf3-a7ef-de6c9b120527,3000,946,3000,840,0227,300114521002125,1607420590239,2020-04-17T18:04:07.000Z,444555,2000,978,,FD,standard,Advance payment,,I,,Smith,John,,ROU,ROU,2020-02-27,P,Passport,20101605421,ROU,,,2345678909,jessica@visa.com,123 Main St,Lane 1,Apt 101,Bucharest,ROU,675456,CF,B,,,Raiffeisen Bank Romania SA,Money Market,IBAN,RO50RZBR0000060007485856,,,,,,ROU,RON,,C,,,,Visa Inc.,,,,L,30,P128766Z,USA,,,2345678909,employee@visa.com,employement,partner,34536789056,Street 2,Lane 2,Apt 202,San Francisco,USA,78759,CA
Romania,416584,840,CAIDCode77765,VPL Postman Test,,,Star Bucks,Bank of America,BOFACATTFCS,Times Square–42nd Street,NY,10001,USA,6012,4655710020000018,f6d0c18c-c00b-4cf3-a7ef-de6c9b120527,3000,946,3000,840,0227,300114521002125,1607420590239,2020-04-17T18:04:07.000Z,444555,2000,978,,FD,standard,Advance payment,,C,,,,company of Romania,,,,L,30,20101605421,ROU,,,2345678909,jessica@visa.com,123 Main St,Lane 1,Apt 101,Bucharest,ROU,675456,CF,B,,,Raiffeisen Bank Romania SA,Money Market,IBAN,RO50RZBR0000060007485856,,,,,,ROU,RON,,I,,Smith,John,,optional,USA,2000-01-01,P,Passport,P128766Z,USA,,,2345678909,employee@visa.com,employement,partner,34536789056,Street 2,Lane 2,Apt 202,San Francisco,USA,78759,CA
Romania,416584,840,CAIDCode77765,VPL Postman Test,,,Star Bucks,Bank of America,BOFACATTFCS,Times Square–42nd Street,NY,10001,USA,6012,4655710020000018,f6d0c18c-c00b-4cf3-a7ef-de6c9b120527,3000,946,3000,840,0227,300114521002125,1607420590239,2020-04-17T18:04:07.000Z,444555,2000,978,,FD,standard,Advance payment,,I,,Smith,John,,ROU,ROU,2020-02-27,P,PAssport,20101605421,ROU,,,2345678909,jessica@visa.com,123 Main St,Lane 1,Apt 101,Bucharest,ROU,675456,CF,B,,,Raiffeisen Bank Romania SA,Money Market,IBAN,RO50RZBR0000060007485856,,,,,,ROU,RON,,I,,smith,john,,optional,USA,2000-01-01,P,Passport,P128766Z,USA,,,2345678909,employee@visa.com,employement,partner,34536789056,Street 2,Lane 2,Apt 202,San Francisco,USA,78759,CA
Romania,416584,840,CAIDCode77765,VPL Postman Test,,,Star Bucks,Bank of America,BOFACATTFCS,Times Square–42nd Street,NY,10001,USA,6012,4655710020000018,f6d0c18c-c00b-4cf3-a7ef-de6c9b120527,3000,946,3000,840,0227,300114521002125,1607420590239,2020-04-17T18:04:07.000Z,444555,2000,978,,FD,standard,Advance payment,,C,,,,Compnay of Romania,,,,L,30,20101605421,ROU,,,2345678909,jessica@visa.com,123 Main St,Lane 1,Apt 101,Bucharest,ROU,675456,CF,B,,,Raiffeisen Bank Romania SA,Money Market,IBAN,RO50RZBR0000060007485856,,,,,,ROU,RON,,C,,,,Visa Inc.,,,,L,30,P128766Z,USA,,,2345678909,employee@visa.com,employement,partner,34536789056,Street 2,Lane 2,Apt 202,San Francisco,USA,78759,CA
South Africa,416584,840,CAIDCode77765,VPL Postman Test,,,Star Bucks,Bank of America,BOFACATTFCS,Times Square–42nd Street,NY,10001,USA,6012,4655710020000018,f6d0c18c-c00b-4cf3-a7ef-de6c9b120527,5000,710,5000,840,0227,300114521002125,1607420590239,2020-04-17T18:04:07.000Z,444555,5000,978,2020-02-27 10:04:59,FD,standard,Advance payment,,I,,Jessica,Smith,,ZAF,ZAF,2020-02-27,P,,20101605421,ZAF,,,0119785313,abc@visa.com,123 Main St,Lane 1,Apt 101,Port Elizabeth,ZAF,675456,CF,B,,,Bank of South Africa,Money Market,DEFAULT,64340150573,,,,,632005,ZAF,ZAR,,C,,,,Visa Inc.,,,,L,,P128766Z,USA,,,2345678909,employee@visa.com,employement,partner,34536789056,Street 2,Lane 2,Apt 202,San Francisco,USA,78759,CA
South Africa,416584,840,CAIDCode77765,VPL Postman Test,,,Star Bucks,Bank of America,BOFACATTFCS,Times Square–42nd Street,NY,10001,USA,6012,4655710020000018,f6d0c18c-c00b-4cf3-a7ef-de6c9b120527,5000,710,5000,840,0227,300114521002125,1607420590239,2020-04-17T18:04:07.000Z,444555,5000,978,2020-02-27 10:04:59,FD,standard,Advance payment,,C,,,,Company of South Africa,,,,L,,20101605421,ZAF,,,0119785313,southafrica@visa.com,123 Main St,Lane 1,Apt 101,Port Elizabeth,ZAF,675456,CF,B,,,Bank of South Africa,Money Market,DEFAULT,64340150573,,,,,632005,ZAF,ZAR,,I,,John,Smith,,optional,USA,2000-01-01,P,,P128766Z,USA,,,2345678909,employee@visa.com,employement,partner,34536789056,Street 2,Lane 2,Apt 202,San Francisco,USA,78759,CA
South Africa,416584,840,CAIDCode77765,VPL Postman Test,,,Star Bucks,Bank of America,BOFACATTFCS,Times Square–42nd Street,NY,10001,USA,6012,4655710020000018,f6d0c18c-c00b-4cf3-a7ef-de6c9b120527,5000,710,5000,840,0227,300114521002125,1607420590239,2020-04-17T18:04:07.000Z,444555,5000,978,2020-02-27 10:04:59,FD,standard,Advance payment,,I,,Jessica,Smith,,ZAF,ZAF,2020-02-27,P,,20101605421,ZAF,,,0119785313,abc@visa.com,123 Main St,Lane 1,Apt 101,Port Elizabeth,ZAF,675456,CF,B,,,Bank of South Africa,Money Market,DEFAULT,64340150573,,,,,632005,ZAF,ZAR,,I,,John,Smith,,optional,USA,2000-01-01,P,,P128766Z,USA,,,2345678909,employee@visa.com,employement,partner,34536789056,Street 2,Lane 2,Apt 202,San Francisco,USA,78759,CA
South Africa,416584,840,CAIDCode77765,VPL Postman Test,,,Star Bucks,Bank of America,BOFACATTFCS,Times Square–42nd Street,NY,10001,USA,6012,4655710020000018,f6d0c18c-c00b-4cf3-a7ef-de6c9b120527,5000,710,5000,840,0227,300114521002125,1607420590239,2020-04-17T18:04:07.000Z,444555,5000,978,2020-02-27 10:04:59,FD,standard,Advance payment,,C,,,,Company of South Africa,,,,L,,20101605421,ZAF,,,0119785313,southafrica@visa.com,123 Main St,Lane 1,Apt 101,Port Elizabeth,ZAF,675456,CF,B,,,Bank of South Africa,Money Market,DEFAULT,035000597,,,,,632005,ZAF,ZAR,,C,,,,Visa Inc.,,,,L,,P128766Z,USA,,,2345678909,employee@visa.com,employement,partner,34536789056,Street 2,Lane 2,Apt 202,San Francisco,USA,78759,CA
South Korea,416584,840,CAIDCode77765,VPL Postman Test,,,Star Bucks,Bank of America,BOFACATTFCS,Times Square–42nd Street,NY,10001,USA,6012,4655710020000018,f6d0c18c-c00b-4cf3-a7ef-de6c9b120527,3000,410,3000,840,0227,300114521002125,1607420590239,2020-04-17T18:04:07.000Z,444555,2000,978,,FD,standard,Advance payment,ISTRAD,I,,Smith,John,,KOR,KOR,2020-02-27,P,Passport,20101605421,KOR,,,2345678909,jessica@visa.com,123 Main St,Lane 1,Apt 101,Busan,KOR,675456,CF,B,,,Jeonbuk Bank,Money Market,DEFAULT,53419713049,,037,,,,KOR,KRW,,C,,,,Visa Inc.,,,,L,30,P128766Z,USA,,,2345678909,employee@visa.com,employement,partner,34536789056,Street 2,Lane 2,Apt 202,San Francisco,USA,78759,CA
South Korea,416584,840,CAIDCode77765,VPL Postman Test,,,Star Bucks,Bank of America,BOFACATTFCS,Times Square–42nd Street,NY,10001,USA,6012,4655710020000018,f6d0c18c-c00b-4cf3-a7ef-de6c9b120527,3000,410,3000,840,0227,300114521002125,1607420590239,2020-04-17T18:04:07.000Z,444555,2000,978,,FD,standard,Advance payment,ISTRAD,C,,,,Company of South Korea,,,,L,30,20101605421,KOR,,,2345678909,jessica@visa.com,123 Main St,Lane 1,Apt 101,Busan,KOR,675456,CF,B,,,Jeonbuk Bank,Money Market,DEFAULT,53419713049,,037,,,,KOR,KRW,,I,,Smith,john,,optional,USA,2000-01-01,P,Passport,P128766Z,USA,,,2345678909,employee@visa.com,employement,partner,34536789056,Street 2,Lane 2,Apt 202,San Francisco,USA,78759,CA
South Korea,416584,840,CAIDCode77765,VPL Postman Test,,,Star Bucks,Bank of America,BOFACATTFCS,Times Square–42nd Street,NY,10001,USA,6012,4655710020000018,f6d0c18c-c00b-4cf3-a7ef-de6c9b120527,3000,410,3000,840,0227,300114521002125,1607420590239,2020-04-17T18:04:07.000Z,444555,2000,978,,FD,standard,Advance payment,ISTRAD,I,,Smith,John,,KOR,KOR,2020-02-27,P,Passport,20101605421,KOR,,,2345678909,jessica@visa.com,123 Main St,Lane 1,Apt 101,Busan,KOR,675456,CF,B,,,Jeonbuk Bank,Money Market,DEFAULT,53419713049,,037,,,,KOR,KRW,,I,,Smith,john,,optional,USA,2000-01-01,P,Passport,P128766Z,USA,,,2345678909,employee@visa.com,employement,partner,34536789056,Street 2,Lane 2,Apt 202,San Francisco,USA,78759,CA
South Korea,416584,840,CAIDCode77765,VPL Postman Test,,,Star Bucks,Bank of America,BOFACATTFCS,Times Square–42nd Street,NY,10001,USA,6012,4655710020000018,f6d0c18c-c00b-4cf3-a7ef-de6c9b120527,3000,410,3000,840,0227,300114521002125,1607420590239,2020-04-17T18:04:07.000Z,444555,2000,978,,FD,standard,Advance payment,ISTRAD,C,,,,Company of South Korea,,,,L,30,20101605421,KOR,,,2345678909,jessica@visa.com,123 Main St,Lane 1,Apt 101,Busan,KOR,675456,CF,B,,,Jeonbuk Bank,Money Market,DEFAULT,53419713049,,037,,,,KOR,KRW,,C,,,,Visa Inc.,,,,L,30,P128766Z,USA,,,2345678909,employee@visa.com,employement,partner,34536789056,Street 2,Lane 2,Apt 202,San Francisco,USA,78759,CA
Sri Lanka,416584,840,CAIDCode77765,VPL Postman Test,,,Star Bucks,Bank of America,BOFACATTFCS,Times Square–42nd Street,NY,10001,USA,6012,4655710020000018,f6d0c18c-c00b-4cf3-a7ef-de6c9b120527,3000,144,3000,840,0227,300114521002125,1607420590239,2020-04-17T18:04:07.000Z,444555,3000,978,2020-02-27 10:04:59,FD,standard,Advance payment,,I,,Jessica,Smith,,LKA,LKA,2020-02-27,P,Passport,20101605421,LKA,,,2345678909,jessica@visa.com,123 Main St,Lane 1,Apt 101,Colombo,LKA,675456,CF,B,,,Bank of Ceylon,Money Market,DEFAULT,6434015057,DEFAULT,7010,,,714,LKA,LKR,,C,,,,Visa Inc.,,,,L,30,P128766Z,USA,,,2345678909,employee@visa.com,employement,partner,34536789056,Street 2,Lane 2,Apt 202,San Francisco,USA,78759,CA
Sri Lanka,416584,840,CAIDCode77765,VPL Postman Test,,,Star Bucks,Bank of America,BOFACATTFCS,Times Square–42nd Street,NY,10001,USA,6012,4655710020000018,f6d0c18c-c00b-4cf3-a7ef-de6c9b120527,3000,144,3000,840,0227,300114521002125,1607420590239,2020-04-17T18:04:07.000Z,444555,3000,978,2020-02-27 10:04:59,FD,standard,Advance payment,,C,,,,Company of Sri Lanka,,,,L,,20101605421,LKA,,,2345678909,jessica@visa.com,123 Main St,Lane 1,Apt 101,Colombo,LKA,675456,CF,B,,,Bank of Ceylon,Money Market,DEFAULT,6434015057,DEFAULT,7010,,,714,LKA,LKR,,I,,John,Smith,,optional,USA,2000-01-01,P,,P128766Z,USA,,,2345678909,employee@visa.com,employement,partner,34536789056,Street 2,Lane 2,Apt 202,San Francisco,USA,78759,CA
Sri Lanka,416584,840,CAIDCode77765,VPL Postman Test,,,Star Bucks,Bank of America,BOFACATTFCS,Times Square–42nd Street,NY,10001,USA,6012,4655710020000018,f6d0c18c-c00b-4cf3-a7ef-de6c9b120527,3000,144,3000,840,0227,300114521002125,1607420590239,2020-04-17T18:04:07.000Z,444555,3000,978,2020-02-27 10:04:59,FD,standard,Advance payment,,I,,Jessica,Smith,,LKA,LKA,2020-02-27,P,,20101605421,LKA,,,2345678909,jessica@visa.com,123 Main St,Lane 1,Apt 101,Colombo,LKA,675456,CF,B,,,Bank of Ceylon,Money Market,DEFAULT,6434015057,DEFAULT,7010,,,714,LKA,LKR,,I,,John,Smith,,optional,USA,2000-01-01,P,,P128766Z,USA,,,2345678909,employee@visa.com,employement,partner,34536789056,Street 2,Lane 2,Apt 202,San Francisco,USA,78759,CA
Sri Lanka,416584,840,CAIDCode77765,VPL Postman Test,,,Star Bucks,Bank of America,BOFACATTFCS,Times Square–42nd Street,NY,10001,USA,6012,4655710020000018,f6d0c18c-c00b-4cf3-a7ef-de6c9b120527,3000,144,3000,840,0227,300114521002125,1607420590239,2020-04-17T18:04:07.000Z,444555,3000,978,2020-02-27 10:04:59,FD,standard,Advance payment,,C,,,,Company of Sri Lanka,,,,L,,20101605421,LKA,,,2345678909,jessica@visa.com,123 Main St,Lane 1,Apt 101,Colombo,LKA,675456,CF,B,,,Bank of Ceylon,Money Market,DEFAULT,6434015057,DEFAULT,7010,,,714,LKA,LKR,,C,,,,Visa Inc.,,,,L,,P128766Z,USA,,,2345678909,employee@visa.com,employement,partner,34536789056,Street 2,Lane 2,Apt 202,San Francisco,USA,78759,CA
SEPA,416584,840,CAIDCode77765,VPL Postman Test,,,Star Bucks,Bank of America,BOFACATTFCS,Times Square–42nd Street,NY,10001,USA,6012,4655710020000018,f6d0c18c-c00b-4cf3-a7ef-de6c9b120527,3000,978,3000,840,0227,300114521002125,1607420590239,2020-04-17T18:04:07.000Z,444555,2000,978,,FD,standard,Advance payment,,I,,Smith,John,,optional,PRT,2001-01-01,P,Passport,ID89098,PRT,,,9177425344,smith@visa.com,123 Main St,Lane 1,Apt 101,City,PRT,675456,CF,B,,,Bank of Portugal,Money Market,IBAN,PT50000201231234567890154,,,,,,PRT,EUR,,C,,,,Visa Inc.,,,,L,30,P128766Z,USA,,,2345678909,,employement,partner,34536789056,Street 2,Lane 2,Apt 202,San Francisco,USA,78759,CA
SEPA,416584,840,CAIDCode77765,VPL Postman Test,,,Star Bucks,Bank of America,BOFACATTFCS,Times Square–42nd Street,NY,10001,USA,6012,4655710020000018,f6d0c18c-c00b-4cf3-a7ef-de6c9b120527,3000,978,3000,840,0227,300114521002125,1607420590239,2020-04-17T18:04:07.000Z,444555,2000,978,,FD,standard,Advance payment,,C,,,,Company of EURO,,,,L,30,20101605421,PRT,,,9177425344,smith@visa.com,123 Main St,Lane 1,Apt 101,City,PRT,675456,CF,B,,,Bank of Portugal,Money Market,IBAN,PT50000201231234567890154,,,,,,PRT,EUR,,I,,John,Smith,,optional,USA,2000-01-01,P,Passport,P128766Z,USA,,,2345678909,employee@visa.com,employement,partner,34536789056,Street 2,Lane 2,Apt 202,San Francisco,USA,78759,CA
SEPA,416584,840,CAIDCode77765,VPL Postman Test,,,Star Bucks,Bank of America,BOFACATTFCS,Times Square–42nd Street,NY,10001,USA,6012,4655710020000018,f6d0c18c-c00b-4cf3-a7ef-de6c9b120527,3000,978,3000,840,0227,300114521002125,1607420590239,2020-04-17T18:04:07.000Z,444555,2000,978,,FD,standard,Advance payment,,I,,Smith,John,,optional,PRT,2001-01-01,P,Passport,ID89098,PRT,,,9177425344,smith@visa.com,123 Main St,Lane 1,Apt 101,City,PRT,675456,CF,B,,,Bank of Portugal,Money Market,IBAN,PT50000201231234567890154,,,,,,PRT,EUR,,I,,Smith,John,,optional,USA,2000-01-01,P,30,P128766Z,USA,,,2345678909,,employement,partner,34536789056,Street 2,Lane 2,Apt 202,San Francisco,USA,78759,CA
SEPA,416584,840,CAIDCode77765,VPL Postman Test,,,Star Bucks,Bank of America,BOFACATTFCS,Times Square–42nd Street,NY,10001,USA,6012,4655710020000018,f6d0c18c-c00b-4cf3-a7ef-de6c9b120527,3000,978,3000,840,0227,300114521002125,1607420590239,2020-04-17T18:04:07.000Z,444555,2000,978,,FD,standard,Advance payment,,C,,,,Company of EURO,,,,L,30,20101605421,PRT,,,9177425344,smith@visa.com,123 Main St,Lane 1,Apt 101,City,PRT,675456,CF,B,,,Bank of Portugal,Money Market,IBAN,PT50000201231234567890154,,,,,,PRT,EUR,,C,,,,Visa Inc.,,,,L,30,P128766Z,USA,,,2345678909,,employement,partner,34536789056,Street 2,Lane 2,Apt 202,San Francisco,USA,78759,CA
Denmark(Option 1),416584,840,CAIDCode77765,VPL Postman Test,,,Star Bucks,Bank of America,BOFACATTFCS,Times Square–42nd Street,NY,10001,USA,6012,4655710020000018,f6d0c18c-c00b-4cf3-a7ef-de6c9b120527,3000,208,3000,840,0227,300114521002125,1607420590239,2020-04-17T18:04:07.000Z,444555,2000,978,,FD,standard,Advance payment,,I,,JOO,JAIN,,DNK,DNK,2020-02-27,P,Passport,P128766Z,DNK,,,2345678909,jessica@visa.com,123 Main St,Lane 1,Apt 101,Copenhagen,DNK,675456,CF,B,,,Danske Bank,Money Market,DEFAULT,044011624,,,,,0040,DNK,DKK,,C,,,,Visa Inc.,,,,L,30,P128766Z,USA,,,2345678909,employee@visa.com,employement,partner,34536789056,Street 2,Lane 2,Apt 202,San Francisco,USA,78759,CA
Denmark(Option 1),416584,840,CAIDCode77765,VPL Postman Test,,,Star Bucks,Bank of America,BOFACATTFCS,Times Square–42nd Street,NY,10001,USA,6012,4655710020000018,f6d0c18c-c00b-4cf3-a7ef-de6c9b120527,3000,208,3000,840,0227,300114521002125,1607420590239,2020-04-17T18:04:07.000Z,444555,2000,978,,FD,standard,Advance payment,,C,,,,Company of Denmark,,,,L,30,20101605421,DNK,,,2345678909,jessica@visa.com,123 Main St,Lane 1,Apt 101,Copenhagen,DNK,675456,CF,B,,,Danske Bank,Money Market,DEFAULT,044011624,,,,,0040,DNK,DKK,,I,,John,Smith,,optional,USA,2000-01-01,P,Passport,P128766Z,USA,,,2345678909,employee@visa.com,employement,partner,34536789056,Street 2,Lane 2,Apt 202,San Francisco,USA,78759,CA
Denmark(Option 1),416584,840,CAIDCode77765,VPL Postman Test,,,Star Bucks,Bank of America,BOFACATTFCS,Times Square–42nd Street,NY,10001,USA,6012,4655710020000018,f6d0c18c-c00b-4cf3-a7ef-de6c9b120527,3000,208,3000,840,0227,300114521002125,1607420590239,2020-04-17T18:04:07.000Z,444555,2000,978,,FD,standard,Advance payment,,I,,Smith,John,,DNK,DNK,2020-02-27,P,Passport,20101605421,DNK,,,2345678909,jessica@visa.com,123 Main St,Lane 1,Apt 101,Copenhagen,DNK,675456,CF,B,,,Danske Bank,Money Market,DEFAULT,044011624,,,,,0040,DNK,DKK,,I,,Smith,John,,optional,USA,2000-01-01,P,30,P128766Z,USA,,,2345678909,employee@visa.com,employement,partner,34536789056,Street 2,Lane 2,Apt 202,San Francisco,USA,78759,CA
Denmark(Option 1),416584,840,CAIDCode77765,VPL Postman Test,,,Star Bucks,Bank of America,BOFACATTFCS,Times Square–42nd Street,NY,10001,USA,6012,4655710020000018,f6d0c18c-c00b-4cf3-a7ef-de6c9b120527,3000,208,3000,840,0227,300114521002125,1607420590239,2020-04-17T18:04:07.000Z,444555,2000,978,,FD,standard,Advance payment,,C,,,,Company of Denmark,,,,L,30,20101605421,DNK,,,2345678909,jessica@visa.com,123 Main St,Lane 1,Apt 101,Copenhagen,DNK,675456,CF,B,,,Danske Bank,Money Market,DEFAULT,044011624,,,,,0040,DNK,DKK,,C,,,,Visa Inc.,,,,L,30,P128766Z,USA,,,2345678909,employee@visa.com,employement,partner,34536789056,Street 2,Lane 2,Apt 202,San Francisco,USA,78759,CA
Denmark(Option 2),416584,840,CAIDCode77765,VPL Postman Test,,,Star Bucks,Bank of America,BOFACATTFCS,Times Square–42nd Street,NY,10001,USA,6012,4655710020000018,f6d0c18c-c00b-4cf3-a7ef-de6c9b120527,3000,208,3000,840,0227,300114521002125,1607420590239,2020-04-17T18:04:07.000Z,444555,2000,978,,FD,standard,Advance payment,,I,,JOO,JAIN,,DNK,DNK,2020-02-27,P,Passport,P128766Z,DNK,,,2345678909,jessica@visa.com,123 Main St,Lane 1,Apt 101,Copenhagen,DNK,675456,CF,B,,,Danske Bank,Money Market,IBAN,DK6720008976100795,,,,,,DNK,DKK,,C,,,,Visa Inc.,,,,L,Passport,P128766Z,USA,,,2345678909,employee@visa.com,employement,partner,34536789056,Street 2,Lane 2,Apt 202,San Francisco,USA,78759,CA
Denmark(Option 2),416584,840,CAIDCode77765,VPL Postman Test,,,Star Bucks,Bank of America,BOFACATTFCS,Times Square–42nd Street,NY,10001,USA,6012,4655710020000018,f6d0c18c-c00b-4cf3-a7ef-de6c9b120527,3000,208,3000,840,0227,300114521002125,1607420590239,2020-04-17T18:04:07.000Z,444555,2000,978,,FD,standard,Advance payment,,C,,,,Company of Denmark,,,,L,30,20101605421,DNK,,,2345678909,jessica@visa.com,123 Main St,Lane 1,Apt 101,Copenhagen,DNK,675456,CF,B,,,Danske Bank,Money Market,IBAN,DK6720008976100795,,,,,,DNK,DKK,,I,,John,Smith,,optional,USA,2000-01-01,P,Passport,P128766Z,USA,,,2345678909,employee@visa.com,employement,partner,34536789056,Street 2,Lane 2,Apt 202,San Francisco,USA,78759,CA
Denmark(Option 2),416584,840,CAIDCode77765,VPL Postman Test,,,Star Bucks,Bank of America,BOFACATTFCS,Times Square–42nd Street,NY,10001,USA,6012,4655710020000018,f6d0c18c-c00b-4cf3-a7ef-de6c9b120527,3000,208,3000,840,0227,300114521002125,1607420590239,2020-04-17T18:04:07.000Z,444555,2000,978,,FD,standard,Advance payment,,I,,Smith,John,,DNK,DNK,2020-02-27,P,Passport,20101605421,DNK,,,2345678909,jessica@visa.com,123 Main St,Lane 1,Apt 101,Copenhagen,DNK,675456,CF,B,,,Danske Bank,Money Market,IBAN,DK6720008976100795,,,,,,DNK,DKK,,I,,Smith,John,,optional,USA,2000-01-01,P,30,P128766Z,USA,,,2345678909,employee@visa.com,employement,partner,34536789056,Street 2,Lane 2,Apt 202,San Francisco,USA,78759,CA
Denmark(Option 2),416584,840,CAIDCode77765,VPL Postman Test,,,Star Bucks,Bank of America,BOFACATTFCS,Times Square–42nd Street,NY,10001,USA,6012,4655710020000018,f6d0c18c-c00b-4cf3-a7ef-de6c9b120527,3000,208,3000,840,0227,300114521002125,1607420590239,2020-04-17T18:04:07.000Z,444555,2000,978,,FD,standard,Advance payment,,C,,,,Company of Denmark,,,,L,30,20101605421,DNK,,,2345678909,jessica@visa.com,123 Main St,Lane 1,Apt 101,Copenhagen,DNK,675456,CF,B,,,Danske Bank,Money Market,IBAN,DK6720008976100795,,,,,,DNK,DKK,,C,,,,Visa Inc.,,,,L,30,P128766Z,USA,,,2345678909,employee@visa.com,employement,partner,34536789056,Street 2,Lane 2,Apt 202,San Francisco,USA,78759,CA
Denmark(Option 2),416584,840,CAIDCode77765,VPL Postman Test,,,Star Bucks,Bank of America,BOFACATTFCS,Times Square–42nd Street,NY,10001,USA,6012,4655710020000018,{{payoutId}},3000,208,3000,840,0227,300114521002125,32545675653423,2020-04-17T18:04:07.000Z,444555,2000,978,,FD,standard,Advance payment,,I,,JOO,JAIN,,DNK,DNK,2020-02-27,P,Passport,P128766Z,DNK,,,2345678909,jessica@visa.com,123 Main St,Lane 1,Apt 101,Copenhagen,DNK,675456,CF,B,,,,,,,,,,,,,,,C,,,,Visa Inc.,,,,L,Passport,P128766Z,USA,,,2345678909,employee@visa.com,employement,partner,34536789056,Street 2,Lane 2,Apt 202,San Francisco,USA,78759,CA